project_name,token_name,soft_cap,total_fund_raised,end_date,ico_success
Abachi,ABI,3080000,3075000,31-Dec-21,0
??Rise of Defenders,RDR,2550000,2550000,29-Dec-21,1
Galaxy War,GWT,4000000,4000000,29-Dec-21,1
Decimated IEO on Huobi Prime,DIO,600000,600000,29-Dec-21,1
CeloLaunch,CLA,2260000,2264000,27-Dec-21,1
MeanFi,MEAN,3750000,3750000,27-Dec-21,1
Angels Creed,ANGEL,300000,300000,25-Dec-21,1
MetaGaming Guild DAO Maker,MGG,2850000,2845000,23-Dec-21,0
pSTAKE Coinlist,PSTAKE,20000000,20000000,23-Dec-21,1
izumi Finance,IZI,3950000,3950000,21-Dec-21,1
UpOnly,UPO,160000,160000,20-Dec-21,1
UNQ Club,UNQ,3400000,3400000,19-Dec-21,1
Ecio Poolz,ECIO,1620000,1618750,19-Dec-21,0
myMessage,MESA,2300000,2300000,19-Dec-21,1
Zombie World Z,ZWZ,170000,170000,19-Dec-21,1
Forward Protocol DAO Maker,FORWARD,1450000,1450000,19-Dec-21,1
Stay in Destiny World,SIW,1900000,1900000,19-Dec-21,1
Quadency,QUAD,5500000,5500000,18-Dec-21,1
Crypto Fight Club Polkastarter,FIGHT,3380000,3375000,17-Dec-21,0
Label,LBL,3150000,3150000,17-Dec-21,1
Crafting Finance IEO on Gate,CRF,80000,80000,17-Dec-21,1
Chumbi Valley IEO on Kucoin Spotlight,CHMB,400000,400000,17-Dec-21,1
Geopoly Poolz,GEO,2900000,2900000,17-Dec-21,1
Safle Polkastarter,SAFLE,5550000,5550000,16-Dec-21,1
WAM DAO Maker,WAM,2740000,2740000,16-Dec-21,1
MetaGods DAO Maker,MGOD,4240000,4244550,15-Dec-21,1
Planet Sandbox IEO on Gate,PSB,1590000,1590000,15-Dec-21,1
Propel,PEL,2420000,2420000,15-Dec-21,1
Totem Polkastarter,CTZN,4400000,4400000,14-Dec-21,1
Nitro League Polkastarter,NITRO,5750000,5750000,14-Dec-21,1
Unbound Polkastarter,UNB,9000000,9000000,14-Dec-21,1
Voxies Tactics Binance,VOXEL,6000000,6000000,14-Dec-21,1
DeHR Poolz,DEHR,1500000,1500000,14-Dec-21,1
The Spartans Poolz,TSP,300000,300000,13-Dec-21,1
Fancy Birds Impossible Finance,FNC,330000,325000,13-Dec-21,0
Crypto Vs Zombie Poolz,CVZ,330000,325000,11-Dec-21,0
Silo,SILO,10000000,10000000,10-Dec-21,1
DeHorizon IEO on Gate,DEVT,61470000,61472360,10-Dec-21,1
RaceFi,RACEFI,3350000,3350000,9-Dec-21,1
Galaxy Fight Club Polkastarter,GCOIN,2000000,2000000,9-Dec-21,1
Lumerin Tokensoft,LMR,60000000,15000000,8-Dec-21,0
Happy Land Polkastarter,HPL,3270000,3270000,8-Dec-21,1
Blockasset,BLOCK,3520000,3520456,8-Dec-21,1
Umee Coinlist,UMEE,38300000,38300000,8-Dec-21,1
Solclout,SCT,2120000,2115000,8-Dec-21,0
MeLand.ai Poolz,MELD,350000,350000,7-Dec-21,1
Rikkei Finance IEO on Huobi Prime,RIFI,6200000,6200000,7-Dec-21,1
MetaSoccer DAO Maker,MSU,2340000,2340000,7-Dec-21,1
Sportium Impossible Finance,SPRT,320000,324000,7-Dec-21,1
Colony Lab,CLY,21000000,21000000,7-Dec-21,1
Humans Polkastarter,HEART,10170000,10170000,6-Dec-21,1
??Souni,SON,3340000,3335000,5-Dec-21,0
Quidd Token,QUIDD,4500000,4500000,3-Dec-21,1
Street Runner DAO Maker,SRG,1560000,1560000,3-Dec-21,1
Bitlocus DAO Maker,BTL,3150000,3150000,2-Dec-21,1
ArcadeNetwork Poolz,ARC,2800000,2795000,2-Dec-21,0
Symbiosis Finance DAO Maker,SIS,10080000,10080000,2-Dec-21,1
WidiLand,WIDI,100000,100000,2-Dec-21,1
DePocket,DEPO,1010000,1008000,2-Dec-21,0
Kryxivia Poolz,KXA,100000,100000,2-Dec-21,1
Prometheus DAO Maker,MGA,2850000,2850000,2-Dec-21,1
Biconomy IEO on Huobi Prime,BICO,21100000,21100000,1-Dec-21,1
ShopNEXT DAO Maker,NEXT,3040000,3039999,1-Dec-21,0
MADworld,UMAD,7540000,7540000,1-Dec-21,1
WingSwap,WIS,400000,400000,1-Dec-21,1
Zodium Polkastarter,ZODI,3700000,3700000,30-Nov-21,1
xHashtag IEO on Gate,XTAG,2900000,2900000,30-Nov-21,1
??Infinite Launch,ILA,2200000,2200000,30-Nov-21,1
Nodle Cash Tokensoft,NODL,25870000,25870000,28-Nov-21,1
ConstitutionDAO IEO on Gate,PEOPLE,20000000,11559299,27-Nov-21,0
OneRare,ORARE,2260000,2260000,27-Nov-21,1
Dtravel Polkastarter,TRVL,7500000,7500000,26-Nov-21,1
Holoride,RIDE,6000000,6000000,26-Nov-21,1
NuNet,NTX,2000000,2000000,26-Nov-21,1
MonoX IEO on Huobi Prime,MONO,5400000,5400000,25-Nov-21,1
Blue Horizon Poolz,BLH,910000,905000,24-Nov-21,0
Waves.Exchange,WX,50000000,50000000,24-Nov-21,1
MS Token,MS,2000000,2000000,23-Nov-21,1
Panther Protocol,ZKP,40000000,40000000,23-Nov-21,1
GovWorld Poolz,GOV,2270000,2265000,23-Nov-21,0
SolChicks,CHICKS,140000,140000,23-Nov-21,1
TaleCraft,CRAFT,2580000,2583000,23-Nov-21,1
KAKA NFT World DAO Maker,KAKA,2350000,2350300,22-Nov-21,1
AntEx,ANTEX,5510000,5510000,22-Nov-21,1
Lord Arena,LORDA,1700000,1700000,21-Nov-21,1
Apricot Finance,APR,12800000,12800000,21-Nov-21,1
Gold Fever IEO on Huobi Prime,NGL,1490000,1492500,19-Nov-21,1
Titan Hunters DAO Maker,TITA,2270000,2265000,19-Nov-21,0
The Realm Defenders Poolz,TRD,100000,100000,18-Nov-21,1
Aurora,AURORA,13000000,13000000,18-Nov-21,1
Libre DeFi IEO on Gate,LIBRE,870000,870000,18-Nov-21,1
Polygonum Online DAO Maker,POG,1800000,1800000,18-Nov-21,1
Genopets Impossible Finance,GENE,8660000,8660000,18-Nov-21,1
Guild of Guardians Coinlist,GOG,5500000,5500000,17-Nov-21,1
Pollen DeFi,PLN,8000000,8000000,17-Nov-21,1
Mytheria Polkastarter,MYRA,250000,250000,16-Nov-21,1
FC Porto Fan Token Binance,PORTO,4000000,4000000,16-Nov-21,1
ReSource DAO Maker,SOURCE,5360000,5363498,16-Nov-21,1
UXD Protocol,UXP,60090000,60086131,14-Nov-21,0
PlaceWar,PLACE,1940000,1940000,13-Nov-21,1
Numbers Protocol DAO Maker,NUM,7200000,7200000,12-Nov-21,1
Cryowar,CWAR,3680000,3680000,12-Nov-21,1
CryptoXpress,XPRESS,2250000,2250000,12-Nov-21,1
??Oly Sport,OLY,140000,140000,11-Nov-21,1
Dragon Kart IEO on Gate,KART,1810000,1810000,11-Nov-21,1
Vee.Finance,VEE,8800000,5500000,11-Nov-21,0
Credefi,CREDI,2200000,2195000,11-Nov-21,0
Trusted Node,TNODE,95000,95000,10-Nov-21,1
Cere Network Polkastarter,CERE,37700000,37700000,8-Nov-21,1
Bemil,BEM,2000000,1995000,8-Nov-21,0
Project SEED,SHILL,300000,300000,8-Nov-21,1
Elemon,ELMON,2290000,2286000,6-Nov-21,0
SubDAO Bounce,GOV,15000000,15000000,6-Nov-21,1
HowlCity Poolz,HWL,1700000,1700000,5-Nov-21,1
Meta Spatial,SPAT,130000,132000,5-Nov-21,1
YIN Finance DAO Maker,YIN,4500000,4500000,5-Nov-21,1
Ardana Tokensoft,DANA,11000000,11000000,5-Nov-21,1
Good Games Guild,GGG,2090000,2094000,5-Nov-21,1
CropBytes,CBX,300000,300000,5-Nov-21,1
Ariadne Impossible Finance,ARDN,130000,125000,4-Nov-21,0
ThorSwap,THOR,4500000,3750000,4-Nov-21,0
ENVOY Network DAO Maker,ENV,2750000,2750000,2-Nov-21,1
GooseFX,GOFX,4850000,4850000,1-Nov-21,1
The Monopolist Poolz,MONO,190000,187500,1-Nov-21,0
Galactic Arena Poolz,GAN,670000,666000,31-Oct-21,0
AcknoLedger,ACK,1800000,1800000,31-Oct-21,1
Scallop,SCLP,2480000,2475000,31-Oct-21,0
DotOracle,DTO,3400000,3402500,31-Oct-21,1
Entropyfi,ERP,500000,500000,31-Oct-21,1
Swash,SWASH,12000000,12000000,30-Oct-21,1
Space SIP Poolz,SIP,230000,225000,30-Oct-21,0
Duelist King,DKT,730000,728000,28-Oct-21,0
Clearpool DAO Maker,CPOOL,3100000,3100000,27-Oct-21,1
DOSE Token Polkastarter,DOSE,990000,990000,27-Oct-21,1
Chimeras Poolz,CHIM,200000,200000,26-Oct-21,1
Oh! Finance,OH,1920000,1920000,26-Oct-21,1
Aurory,AURY,108850000,108800000,24-Oct-21,0
BloXmove,BLXM,200000,200000,22-Oct-21,1
Envelop,NIFTSY,2500000,2500000,22-Oct-21,1
WonderHero Polkastarter,WND,1850000,1845000,21-Oct-21,0
Waterfall DeFi Auction on Bitmax,WTF,180000,175000,21-Oct-21,0
Lazio Fan Token Binance,LAZIO,4000000,4000000,21-Oct-21,1
Hero Arena,HERA,300000,300000,21-Oct-21,1
Gods Unchained Coinlist,GODS,25320000,25320000,20-Oct-21,1
Blockchain Monster Hunt Polkastarter,BCMC,3980000,3980000,19-Oct-21,1
Demole DAO Maker,DMLG,2130000,2125000,18-Oct-21,0
DeFi Land,DFL,4200000,4200000,18-Oct-21,1
DareNFT,DNFT,2400000,2400000,18-Oct-21,1
TapMe,TAP,130000,125100,15-Oct-21,0
DfiStarter,DFI,1650000,1654500,15-Oct-21,1
Strips Finance Polkastarter,STRP,9000000,9000000,14-Oct-21,1
Derived Poolz,DVD,3650000,3650000,13-Oct-21,1
Jet Protocol,JET,11760000,11760000,13-Oct-21,1
Ore Network Poolz,ORE,450000,450000,12-Oct-21,1
The Three Kingdoms DAO Maker,TTK,3200000,3320000,12-Oct-21,1
Defina,FINA,600000,600000,12-Oct-21,1
KSM Starter,KST,2530000,2532000,9-Oct-21,1
Nexus Protocol,PSI,3000000,3000000,9-Oct-21,1
Warena DAO Maker,RENA,2090000,2094000,9-Oct-21,1
DecentraWeb Poolz,DWEB,2650000,2650000,8-Oct-21,1
Waggle Network IEO on Gate,WAG,3250000,3250000,8-Oct-21,1
Aleph Zero,AZERO,14800000,14800000,8-Oct-21,1
Beta Finance Binance,BETA,3000000,3000000,8-Oct-21,1
SolRazr,SOLR,1800000,1800000,7-Oct-21,1
Dark Frontiers DAO Maker,DARK,3500000,3500000,7-Oct-21,1
Bloktopia,BLOK,4900000,4900000,6-Oct-21,1
Pledge Finance Tokensoft,PLGR,27420000,27420000,5-Oct-21,1
Heroes & Empires DAO Maker,HE,1660000,1660000,4-Oct-21,1
FUFU,FUFU,3600000,3600000,3-Oct-21,1
NFracTion,NFTA,1780000,1780000,3-Oct-21,1
iMe,LIME,2140000,2136800,2-Oct-21,0
Gro Protocol Balancer,GRO,24800000,24800000,1-Oct-21,1
Blocto,BLT,1500000,1500000,1-Oct-21,1
Monsoon Finance,MCASH,50000,50000,1-Oct-21,1
Amasa,AMAS,300000,300000,30-Sep-21,1
PolkaEx,PKEX,2850000,2850000,30-Sep-21,1
Rangers Protocol Polkastarter,RPG,3620000,3620000,29-Sep-21,1
SoccerHub Poolz,SCH,1620000,1620000,29-Sep-21,1
Brokoli Network DAO Maker,BRKL,2250000,2250000,29-Sep-21,1
Divergence Balancer,DIVER,6600000,6600000,28-Sep-21,1
Orion Money DAO Maker,ORION,5700000,5700000,28-Sep-21,1
Kalao IEO on Gate,KLO,3380000,3370000,27-Sep-21,0
Vera Polkastarter,VERA,3500000,3500000,27-Sep-21,1
NFTrade Poolz,NFTD,3700000,3700000,25-Sep-21,1
Starpunk DAO Maker,SRP,1950000,1954600,25-Sep-21,1
Weld.Money,WELD,3720000,3720000,24-Sep-21,1
Green Beli,GRBE,1160000,1155000,23-Sep-21,0
handle.fi,FOREX,4410000,4410000,23-Sep-21,1
MatrixETF,MDF,40000,40000,22-Sep-21,1
Amy Finance,AMY,310000,310821,22-Sep-21,1
DeSpace Poolz,DES,5000000,5000000,22-Sep-21,1
BNPL Pay,BNPL,7140000,7140000,22-Sep-21,1
DeFi11,ILO,3620000,3623000,20-Sep-21,1
Revolve Games Poolz,RPG,2320000,2322750,20-Sep-21,1
Opulous DAO Maker,OPUL,6450000,6450000,17-Sep-21,1
Braintrust Coinlist,BTRST,12450000,12450000,17-Sep-21,1
Gelato,GEL,16000000,16000000,16-Sep-21,1
Retreeb,TREEB,2750000,2750000,15-Sep-21,1
Immutable X Coinlist,IMX,13000000,13000000,15-Sep-21,1
Torum,XTM,600000,600000,15-Sep-21,1
Cardax,CDX,12000000,12000000,14-Sep-21,1
Vent Finance,VENT,1400000,1400000,12-Sep-21,1
GameFi DAO Maker,GAFI,2250000,2250750,11-Sep-21,1
Cyclos,CYS,1250000,1250000,9-Sep-21,1
IX Swap Poolz,IXS,700000,700000,9-Sep-21,1
YouClout Poolz,YCT,3120000,3120000,8-Sep-21,1
Flurry,FLURRY,300000,300000,8-Sep-21,1
MoonieNFT Polkastarter,MNY,800000,800000,7-Sep-21,1
Only1,LIKE,44400,44400,7-Sep-21,1
Acala Network Tokensoft,ACA,92500000,92500000,5-Sep-21,1
Knit Finance DAO Maker,KNIT,1470000,1465000,2-Sep-21,0
Coinspaid DAO Maker,CPD,2120000,2120000,1-Sep-21,1
Polinate Polkastarter,POLI,1800000,1800000,31-Aug-21,1
OpenSwap,OSWAP,1850000,1850000,31-Aug-21,1
Calamari Network,KMA,6600000,1100000,31-Aug-21,0
Kaby Arena DAO Maker,KABY,1610000,1605000,30-Aug-21,0
Netvrk Poolz,NTVRK,2500000,2502500,30-Aug-21,1
Pandora Protocol,PNDR,2550000,2550000,30-Aug-21,1
YAY.games Poolz,YAY,1900000,1895000,29-Aug-21,0
EPIK Prime IEO on Huobi Prime,EPIK,4470000,4469000,28-Aug-21,0
Marnotaur DAO Maker,TAUR,100000,100000,27-Aug-21,1
Wanaka Poolz,WANA,1060000,1058333,27-Aug-21,0
Cryptomeda,TECH,2750000,2750000,27-Aug-21,1
BaconDAO,BACON,920000,920000,26-Aug-21,1
Unreal Finance,UGT,3000000,3000000,24-Aug-21,1
DinoX DAO Maker,DNXC,1480000,1475000,19-Aug-21,0
Kryptomon Poolz,KMON,33000,33000,18-Aug-21,1
Ethereum Eagle Coinlist,EGL,17920000,17920000,14-Aug-21,1
Port Finance,PORT,1160000,1160000,9-Aug-21,1
Bright Union Poolz,BRIGHT,250000,250000,6-Aug-21,1
EQIFI,EQX,290000,285000,6-Aug-21,0
Lithium Polkastarter,LITH,8100000,8100000,5-Aug-21,1
Gamestarter DAO Maker,GAME,2340000,2340000,4-Aug-21,1
Spores Network,SPO,2960000,2960000,28-Jul-21,1
Yield Guild Games,YGG,17320000,5325000,28-Jul-21,0
Polkaplay Poolz,POLO,450000,450000,27-Jul-21,1
CoinBurp Polkastarter,BURP,250000,253800,26-Jul-21,1
Bifrost,BNC,600000,600000,24-Jul-21,1
MyCryptoCheckout Balancer,RWD,750000,235900,23-Jul-21,0
Scaleswap,SCA,2680000,2675000,21-Jul-21,0
PolkaCipher,CPHR,2170000,2173000,20-Jul-21,1
CryptoArt.Ai Poolz,CART,3520000,3520000,18-Jul-21,1
Omni,OMNI,200000,200000,16-Jul-21,1
YOLOrekt,YOLO,10000000,316800,16-Jul-21,0
DeFiCity Poolz,DFC,2700000,2700000,16-Jul-21,1
OpenOcean Polkastarter,OOE,3370000,3368000,12-Jul-21,0
Infinity Pad DAO Maker,IPAD,700000,700000,11-Jul-21,1
DeversiFi,DVF,7000000,7000000,10-Jul-21,1
Decubate,DCB,350000,350000,9-Jul-21,1
Qredo Coinlist,QRDO,28250000,28250000,9-Jul-21,1
Shirtum,SHI,13340000,2750000,5-Jul-21,0
Collateral,COLL,1630000,525000,1-Jul-21,0
Efinity Coinlist,EFI,38900000,38900000,25-Jun-21,1
Dopex,DPX,10050000,7504000,24-Jun-21,0
Plutos Network,PLUT,180000,175000,24-Jun-21,0
VitaDAO,VITA,490000,487393,23-Jun-21,0
PolyPAD Network,MPAD,2200000,2200000,23-Jun-21,1
Bunicorn Poolz,BUNI,1700000,1700000,22-Jun-21,1
Dot.Finance Poolz,PINK,300000,300000,18-Jun-21,1
Human Protocol Coinlist,HMT,100100000,100100000,18-Jun-21,1
Nabox Poolz,NABOX,680000,679999,17-Jun-21,0
Bullperks,BLP,2120000,2120000,17-Jun-21,1
Pera Finance DAO Maker,PERA,2000000,1995150,16-Jun-21,0
Meme.com Polkastarter,MEM,5350000,5350000,15-Jun-21,1
Swarm Coinlist,BZZ,15930000,15934000,14-Jun-21,1
Integral,ITGR,4410000,4410000,14-Jun-21,1
iBetYou Poolz,IBY,240000,244000,13-Jun-21,1
Faraland,FARA,2570000,2570000,13-Jun-21,1
Octopus Protocol Bounce,OPS,450000,450000,12-Jun-21,1
Cryptocurrencies.AI,CCAI,8500000,8500000,9-Jun-21,1
DeltaTheta DAO Maker,DLTA,1910000,1912500,9-Jun-21,1
Cryption Network Poolz,CNT,1130000,1125000,8-Jun-21,0
Mozik,MOZ,280000,280000,7-Jun-21,1
SolPAD,SOLPAD,2660000,2662000,4-Jun-21,1
Vega Protocol Coinlist,VEGA,59750000,59750000,3-Jun-21,1
Bitbook Travel IEO on Probit Launchpad,BBT,5600000,5600000,3-Jun-21,1
Lossless DAO Maker,LSS,2700000,2695000,1-Jun-21,0
MakiSwap DAO Maker,MAKI,1690000,1688000,1-Jun-21,0
Charged Particles Polkastarter,IONX,200000,200000,31-May-21,1
Saito IEO on Gate,SAITO,2400000,2400000,29-May-21,1
Ternoa DAO Maker,CAPS,150000,145000,28-May-21,0
B-cube.ai,BCUBE,3750000,3750000,28-May-21,1
Kalmar,KALM,2900000,2900000,28-May-21,1
Centrifuge Coinlist,CFG,28100000,28100000,27-May-21,1
Freela Auction on Bitmax,FREELA,1600000,1600000,27-May-21,1
dotmoovs Polkastarter,MOOV,1000000,1000000,25-May-21,1
CROP Finance,CROP,1400000,1400000,25-May-21,1
Paralink Network Polkastarter,PARA,300000,300000,24-May-21,1
DAOSquare Balancer,RICE,800000,800000,24-May-21,1
Drops Polkastarter,DOP,1320000,1320000,21-May-21,1
Fear NFT Games DAO Maker,FEAR,1240000,1243125,20-May-21,1
APENFT IEO on Huobi Prime,NFT,2640000,2639973,20-May-21,0
Polkally Poolz,KALLY,1100000,1100000,19-May-21,1
Ethermon.io Polkastarter,EMON,200000,200000,18-May-21,1
Relite.finance,RELI,1510000,1510000,17-May-21,1
LaunchX DAO Maker,LNCHX,1420000,1421250,14-May-21,1
Pinknode Polkastarter,PNODE,780000,780000,14-May-21,1
Mercurial Finance,MER,500000,500000,14-May-21,1
SingularityDAO,SDAO,5170000,5166667,13-May-21,0
ProStarter,PROT,4230000,4232000,12-May-21,1
Globe Balancer,GDT,4750000,4750000,12-May-21,1
Trade Race Manager DAO Maker,IOI,1800000,1800000,12-May-21,1
Wilder World Polkastarter,WILD,3250000,3250000,11-May-21,1
Polylastic,POLX,830000,830000,10-May-21,1
Ispolink DAO Maker,ISP,1910000,1910000,6-May-21,1
TrustPad,TPAD,500000,500000,6-May-21,1
Sienna Network DAO Maker,SIENNA,11200000,11200000,5-May-21,1
Lever DAO Maker,LEV,270000,270000,5-May-21,1
Nftfy Poolz,NFTFY,28295,28295,5-May-21,1
CLV Coinlist,CLV,57400000,57395500,4-May-21,0
XCAD Network DAO Maker,XCAD,3940000,3940250,3-May-21,1
NAOS Finance Polkastarter,NAOS,5400000,5400000,30-Apr-21,1
Covalent Coinlist,CQT,14440000,14435937,30-Apr-21,0
Standard Polkastarter,STND,3580000,3575000,29-Apr-21,0
BlackHole Protocol Bounce,BLACK,70000,70000,29-Apr-21,1
The Crypto Prophecies DAO Maker,TCP,2500000,2500000,28-Apr-21,1
UnoRe Polkastarter,UNO,2300000,2300000,28-Apr-21,1
Showcase Auction on Bitmax,SHO,400000,400000,27-Apr-21,1
BSCStation Bounce,BSCS,860000,855000,24-Apr-21,0
Refinable Polkastarter,FINE,3020000,3016350,23-Apr-21,0
ChainSwap,TOKEN,3000000,3000000,23-Apr-21,1
DeHive IEO on Gate,DHV,4980000,4980000,20-Apr-21,1
Kianite Poolz,KIAN,1720000,1720000,17-Apr-21,1
MOAR Finance,MOAR,130000,132750,16-Apr-21,1
Mogul Productions,STARS,66600000,34483200,15-Apr-21,0
Mina Protocol Coinlist,MINA,48150000,48150000,13-Apr-21,1
Cryptonovae,YAE,1780000,1780500,9-Apr-21,1
Polkalokr Polkastarter,LKR,1200000,1200000,7-Apr-21,1
Tokocrypto Binance,TKO,7500000,7500000,7-Apr-21,1
Casper Coinlist,CSPR,62900000,62900000,7-Apr-21,1
Gains Associates Poolz,GAINS,100000,100000,6-Apr-21,1
Findora IEO on Gate,FRA,21050000,21050050,5-Apr-21,1
Cook Protocol Poolz,COOK,130000,130000,31-Mar-21,1
Rage.fan Poolz,RAGE,3040000,3040000,31-Mar-21,1
Persistence Auction on Bitmax,XPRT,450000,450000,31-Mar-21,1
Polkamon Polkastarter,PMON,90000,90000,31-Mar-21,1
Deeper Network,DPR,750000,750000,31-Mar-21,1
Tidal Finance Balancer,TIL,2390000,2393075,28-Mar-21,1
Shyft Network Polkastarter,SHFT,500000,500000,26-Mar-21,1
Ethbox DuckDAO,EBOX,970000,970775,25-Mar-21,1
Convergence Polkastarter,CONV,2300000,2300000,25-Mar-21,1
Xend Finance Balancer,XEND,4000000,4000000,24-Mar-21,1
ImpulseVen,VEN,1660000,1662500,23-Mar-21,1
Cash Tech,CATE,100000,100000,23-Mar-21,1
DoraFactory DuckDAO,DORA,180000,180000,22-Mar-21,1
Taraxa Tokensoft,TARA,3300000,3300000,20-Mar-21,1
Stater,STR,500000,500000,20-Mar-21,1
A2DAO,ATD,950000,950000,19-Mar-21,1
Oddz Polkastarter,ODDZ,150000,150000,18-Mar-21,1
InsurAce Protocol Balancer,INSUR,4500000,4500000,17-Mar-21,1
PolkaFoundry,PKF,2030000,2025000,17-Mar-21,0
Konomi Network Polkastarter,KONO,200000,200000,16-Mar-21,1
Blockchain Cuties Universe Polkastarter,BCUG,330000,330000,16-Mar-21,1
Oxygen IEO on Gate,OXY,20000000,20000000,12-Mar-21,1
ChainGuardians,CGG,1350000,1350000,10-Mar-21,1
HAPI,HAPI,2930000,2925000,10-Mar-21,0
Belt Finance,BELT,3000000,3000000,10-Mar-21,1
Aluna,ALN,1750000,1750000,7-Mar-21,1
Playcent,PCNT,1350000,1354500,6-Mar-21,1
Kylin Network,KYL,12450000,12450000,5-Mar-21,1
Blank,BLANK,1920000,1920000,5-Mar-21,1
APYSwap,APY,130000,125000,2-Mar-21,0
ARCx,ARCX,8300000,8300000,2-Mar-21,1
Vortex DeFi DuckDAO,VTX,1000000,1000000,28-Feb-21,1
Sifchain Finance,EROWAN,26000000,26000000,26-Feb-21,1
Fractal Polkastarter,FCL,2600000,2600000,25-Feb-21,1
Vesper Finance,VSP,1100000,1100000,17-Feb-21,1
LUKSO,LYXE,8220000,17874000,17-Feb-21,1
Sovryn,SOV,13170000,13173440,13-Feb-21,1
VAIOT,VAI,8600000,8300000,11-Feb-21,0
BSClaunch,BSL,880000,800000,11-Feb-21,0
Peanut IEO on Gate,NUX,6400000,6402760,10-Feb-21,1
SafePal Binance,SFP,5000000,5000000,8-Feb-21,1
My Neighbor Alice,ALICE,2200000,2200000,4-Feb-21,1
Maps.me,MAPS,5000000,300000,1-Feb-21,0
DAO Maker IEO on Gate,DAO,7800000,7800000,18-Jan-21,1
Poolz,POOLZ,70000,70000,15-Jan-21,1
YOP Polkastarter,YOP,60600,60600,15-Jan-21,1
CUDOS,CUDOS,3000000,4100000,12-Jan-21,1
Rigel Finance,RIGEL,200000,200000,11-Jan-21,1
Stegos,STG,20970000,15853577,2-Jan-21,0
BiFi,BIFI,80000,80000,31-Dec-20,1
Exeedme,XED,75000,75000,30-Dec-20,1
Fire Protocol,FIRE,1050000,1050000,28-Dec-20,1
Whiteheart,WHITE,200000,3286400,27-Dec-20,1
Utopia Genesis Foundation IEO on Bitfinex Launchpad,UOP,2000000,2590092,18-Dec-20,1
Bonfida Auction on Bitmax,FIDA,200000,200000,17-Dec-20,1
Terra Virtua Auction on Bitmax,TVK,110000,105000,10-Dec-20,0
YIELD,YLD,1200000,1200000,8-Dec-20,1
Bifrost,BFC,680000,683200,1-Dec-20,1
Base Protocol,BASE,1410000,1412000,1-Dec-20,1
DIGITALAX,MONA,570000,187425,21-Nov-20,0
KANVA,KNV,260000,262770,15-Nov-20,1
Axie Infinity Binance,AXS,2970000,2970000,4-Nov-20,1
Nsure Network,NSURE,2120000,2123000,30-Oct-20,1
Wootrade IEO on Gate,WOO,10650000,10650000,29-Oct-20,1
Fuse,FUSE,600000,600000,24-Oct-20,1
The Graph Tokensoft,GRT,12000000,12001540,23-Oct-20,1
Radix DLT,RADIX,28000000,12841206,22-Oct-20,0
Akash Network Auction on Bitmax,AKT,800000,800000,15-Oct-20,1
UTU,UTU,2830000,2827000,14-Oct-20,0
UniLend,UFT,3250000,3250000,10-Oct-20,1
RAMP DEFI,RAMP,80000,80000,10-Oct-20,1
Juggernaut IEO on Gate,JGN,150000,150000,9-Oct-20,1
Flow Coinlist,FLOW,19500000,19500000,6-Oct-20,1
Centaur,CNTR,5000000,5000000,5-Oct-20,1
Mobie Pay,MBX,2350000,2350000,3-Oct-20,1
PlotX,PLOT,200000,200000,1-Oct-20,1
CryptoLocally,GIV,210000,205000,1-Oct-20,0
Reef Binance,REEF,3900000,3900000,30-Sep-20,1
DeFiner,FIN,1080000,1083000,21-Sep-20,1
Crust,CRU,200000,200000,18-Sep-20,1
dHEDGE,DHT,6450000,6450000,18-Sep-20,1
Linear Finance,LINA,310000,307500,17-Sep-20,0
Frontier,FRONT,600000,600000,15-Sep-20,1
Lien,LIEN,1040000,1040000,13-Sep-20,1
Hedget IEO on FTX,HGET,7370000,7370000,12-Sep-20,1
Perpetual Protocol,PERP,9750000,7150000,12-Sep-20,0
RioDeFi,RFUEL,1200000,1200000,12-Sep-20,1
Stafi Auction on Bitmax,FIS,1020000,1015000,10-Sep-20,0
Bidao,BID,19500000,18000000,3-Sep-20,0
OIN Finance,OIN,190000,192000,31-Aug-20,1
Near Protocol Coinlist,NEAR,33630000,33625000,25-Aug-20,0
AegisDeFi,AGT,150000,150000,22-Aug-20,1
OpenPredict,OPT,250000,250000,20-Aug-20,1
ProxiDeFi,CREDIT,230000,225000,19-Aug-20,0
AXIS DeFi,AXIS,4800000,4800000,19-Aug-20,1
The Sandbox Binance,SAND,3000000,3000000,14-Aug-20,1
Serum Auction on Bitmax,SRM,660000,660000,11-Aug-20,1
Bitbns IEO on Kucoin Spotlight,BNS,1000000,1000000,31-Jul-20,1
Plutus,PLT,1660000,1660000,31-Jul-20,1
Desmos,DSM,500000,60000,27-Jul-20,0
Swingby Auction on Bitmax,SWINGBY,560000,560000,23-Jul-20,1
AAX Token,AAB,9250000,9250000,20-Jul-20,1
Anyswap,ANY,62500,62500,20-Jul-20,1
Meta,MTA,4720000,4720000,18-Jul-20,1
Avalanche Tokensoft,AVAX,42000000,42000000,15-Jul-20,1
Meter IEO on Gate,MTRG,600000,600000,15-Jul-20,1
Orion Protocol,ORN,10000,10000,14-Jul-20,1
DMM Governance Token,DMG,2000000,2000000,21-Jun-20,1
WaykiChain WGRT IEO on OKex Launchpad,WGRT,2000000,2000000,16-Jun-20,1
RingX IEO on Bitfinex Launchpad,RINGX,50000,50000,16-Jun-20,1
Tokamak Network,TON,3890000,3885000,31-May-20,0
NDN Link IEO on OKex Launchpad,NDN,2000000,2000000,19-May-20,1
FinNexus,FNX,4400000,4400000,16-May-20,1
Celo Coinlist,CELO,1248000000,6500000,11-May-20,0
JUST IEO on Poloniex LaunchBase,JST,4070000,4066920,5-May-20,0
Cartesi Binance,CTSI,1500000,1500000,21-Apr-20,1
DEAPcoin IEO on OKex Launchpad,DEP,20000000,20000000,7-Apr-20,1
KardiaChain IEO on Gate,KAI,4280000,4280000,7-Apr-20,1
Solana,SOL,29280000,25660000,24-Mar-20,0
Elixxir,XX,23000000,17700000,20-Mar-20,0
Bidesk IEO on Bidesk,BDK,240000,240000,28-Feb-20,1
HyperDAO IEO on OKex Launchpad,HDAO,2000000,2000000,24-Feb-20,1
Kleros,PNK,5960000,3756853,10-Feb-20,0
WazirX Binance,WRX,2000000,2000000,3-Feb-20,1
BetProtocol,BEPRO,3050000,3050000,16-Dec-19,1
Troy Trade Binance,TROY,12400000,12400000,4-Dec-19,1
Kadena,KDA,44930000,14925008,29-Nov-19,0
EMX,EMX,8000000,5500000,14-Nov-19,0
ROAD IEO on OKex Launchpad,ROAD,3710000,3710000,14-Nov-19,1
Nervos,CKB,67200000,72000000,24-Oct-19,1
Kava Binance,KAVA,3000000,3000000,24-Oct-19,1
Roobee IEO on Liquid Launchpad,ROOBEE,11630000,8191200,30-Sep-19,0
Band Protocol Binance,BAND,10850000,10850000,17-Sep-19,1
Whole Network IEO on Huobi Prime,NODE,1500000,1500000,11-Sep-19,1
X-power Chain IEO on OKex Launchpad,XPO,5000000,5000000,11-Sep-19,1
Blockstack,STX,85500000,80500000,8-Sep-19,0
D Community IEO on Gate,DILI,2150000,2152500,28-Aug-19,1
Perlin Binance,PERL,6700000,6700000,25-Aug-19,1
Resistance,RES,6800000,5466880,23-Aug-19,0
Tokoin IEO on Kucoin Spotlight,TOKO,25000000,13000000,23-Aug-19,0
Pledgecamp IEO on OKex Launchpad,PLG,19000000,19000000,22-Aug-19,1
Nestree IEO on Cobak Launchpad,EGG,4800000,4800000,19-Aug-19,1
EMOGI Network IEO on Huobi Prime,LOL,2520000,2520000,15-Aug-19,1
UltrAlpha Auction on Bitmax,UAT,2000000,2000000,14-Aug-19,1
Auditchain IEO on ExMarkets Launchpad,AUDT,2200000,2000000,9-Aug-19,0
Bilaxy,BIA,660000,662200,5-Aug-19,1
Ferrum Network,FRM,1120000,1120000,1-Aug-19,1
Wink Binance,WIN,16000000,16000000,31-Jul-19,1
Eminer IEO on OKex Launchpad,EM,11590000,11592000,31-Jul-19,1
Krypton Galaxy IEO on Gate,KGC,3500000,3500000,31-Jul-19,1
THORChain IEO on Binance DEX Launchpad,RUNE,2000000,1524000,20-Jul-19,0
DeepCloud AI Auction on Bitmax,DEEP,3000000,3000000,18-Jul-19,1
Cubiex IEO on Binance DEX Launchpad,CBIX,2790000,2790000,17-Jul-19,1
Akropolis IEO on Huobi Prime,AKT,2400000,2400000,16-Jul-19,1
Ultra IEO on Ethfinex Launchpad,UOS,5000000,5000000,16-Jul-19,1
Xenoverse IEO on Bibox Orbit,XENO,150000,150000,15-Jul-19,1
Zeux IEO on Latoken Launchpad,ZUC,4460000,172854,4-Jul-19,0
Syntropy IEO on Cobak Launchpad,NOIA,6600000,6600000,3-Jul-19,1
Elrond Network Binance,ERD,5150000,5150000,2-Jul-19,1
Wirex IEO on OKex Launchpad,WXT,7000000,7000000,1-Jul-19,1
Lightstreams,PHT,20000000,5000000,29-Jun-19,0
Membrana IEO on ABCC Launchpad,MBN,3000000,18978,29-Jun-19,0
Sero IEO on Gate,SERO,1380000,1384000,28-Jun-19,1
Ampleforth IEO on Ethfinex Launchpad,AMPL,5000000,4999234,27-Jun-19,0
Opiria & PDATA IEO on Coineal Launchpad,PDATA,30000000,18430000,23-Jun-19,0
Linix IEO on Digifinex Launchpad,LNX,13000000,13000000,21-Jun-19,1
Squeezer IEO on Bitforex Launchpad,SQR,9800000,9000000,20-Jun-19,0
Uncloak,UNC,7500000,568000,18-Jun-19,0
WaykiChain IEO on Gate,WICC,250000,250000,18-Jun-19,1
Musiclife IEO on Biss Launchpad,MITC,6030000,6030000,17-Jun-19,1
Raven Protocol IEO on Binance DEX Launchpad,RAVEN,6100000,6100000,17-Jun-19,1
Mycro IEO on Bitforex Launchpad,MYO,2640000,1842500,14-Jun-19,0
Pivot,PVT,9710000,9710000,14-Jun-19,1
STP Network IEO on Bittrex Launchpad,STP,8000000,8008000,11-Jun-19,1
Bitsdaq IEO on Bitsdaq Launchpad,BQQQ,6500000,6500000,11-Jun-19,1
En-Tan-Mo IEO on OKex Launchpad,ETM,12500000,12500000,10-Jun-19,1
MixMarvel IEO on Gate,MIX,7200000,7200000,10-Jun-19,1
COTI IEO on Kucoin Spotlight,COTI,11000000,11000000,4-Jun-19,1
Prome?eus,PROM,4850000,4850000,30-May-19,1
Chromia IEO on Kucoin Spotlight,CHR,13000000,13000000,28-May-19,1
Harmony Binance,ONE,23000000,23000000,27-May-19,1
Magnachain IEO on Bitforex Launchpad,MGC,4500000,3010000,23-May-19,0
Vodi X IEO on Bittrex Launchpad,VDX,5610000,2406300,22-May-19,0
Reserve IEO on Huobi Prime,RSR,9960000,9960000,22-May-19,1
Volume Network IEO on Biss Launchpad,VOL,30000,30000,21-May-19,1
GoWithMi IEO on Gate,GMAT,9820000,9820000,18-May-19,1
Allive IEO on OKex Launchpad,ALV,6840000,6840000,16-May-19,1
Trias IEO on Kucoin Spotlight,TRY,5600000,5600000,14-May-19,1
Ecomi IEO on Bitforex Launchpad,OMI,10650000,10650000,12-May-19,1
Bitfinex,LEO,1000000000,1000000000,12-May-19,1
everiToken IEO on Bitforex Launchpad,EVT,1600000,1595000,11-May-19,0
Connectome IEO on ABCC Launchpad,CNTM,4500000,3885000,10-May-19,0
weBloc Protocol,WEB,17820000,2159999,9-May-19,0
Thunder Token IEO on Huobi Prime,TT,50500000,50500000,9-May-19,1
EVEDO IEO on Bitforex Launchpad,EVED,2550000,606540,7-May-19,0
Ocean Protocol IEO on Bittrex Launchpad,OCEAN,31600000,30650000,3-May-19,0
Moviebloc IEO on Gate,MBL,4080000,4080000,3-May-19,1
Facts IEO on Gate,BKC,3740000,3740000,29-Apr-19,1
DUO Network Auction on Bitmax,DUO,5100000,5100000,27-Apr-19,1
StakePool IEO on Bgogo Apollo,SKP,230000,229500,26-Apr-19,0
Matic Network Binance,MATIC,5600000,5600000,26-Apr-19,1
ARPA IEO on Biss Launchpad,ARPA,8000000,8000000,25-Apr-19,1
Dexon IEO on LBank Launchpad,DXN,3500000,3500000,25-Apr-19,1
DREP IEO on Gate,DREP,22800000,22800000,25-Apr-19,1
X-Block IEO on Bibox Orbit,IXB,7500000,1000000,22-Apr-19,0
Atlas Network IEO on Coinsuper Launchpad,ATLS,7600000,7600000,22-Apr-19,1
Ludos IEO on Bibox Orbit,LUD,500000,500000,22-Apr-19,1
The Force Protocol IEO on Bibox Orbit,FOR,1000000,1000000,22-Apr-19,1
CNNS IEO on Gate,CNNS,24600000,24600000,22-Apr-19,1
Gate.IO,GT,83000000,83000000,21-Apr-19,1
Aivia IEO on ABCC Launchpad,AIV,1600000,1600000,20-Apr-19,1
Universal Protocol,UPT,8000000,5000000,19-Apr-19,0
RedFox IEO on Coineal Launchpad,RFOX,5650000,5650000,18-Apr-19,1
ioeX IEO on LBank Launchpad,IOEX,27200000,27200000,18-Apr-19,1
TRONAce IEO on TRX Market Launchpad,ACE,160000,162000,18-Apr-19,1
FacePower IEO on Bgogo Apollo,FAC,7410000,7414800,17-Apr-19,1
Newton Project IEO on Huobi Prime,NEW,35270000,35300000,16-Apr-19,1
EVAIO IEO on ZBG Launchpad,EVA,6000000,6000000,15-Apr-19,1
Unification IEO on Bitforex Launchpad,UND,400000,400000,11-Apr-19,1
OATH Protocol IEO on LBank Launchpad,OATH,4000000,4000000,11-Apr-19,1
MultiVAC IEO on Kucoin Spotlight,MTV,18600000,18600000,9-Apr-19,1
Global Trading System IEO on ZBG Launchpad,GTS,1500000,350000,9-Apr-19,0
Lichang IEO on Hotbit Launchpad,LC,500000,500000,7-Apr-19,1
Velic,VELT,9000000,9000000,6-Apr-19,1
Armors IEO on Bgogo Apollo,ARM,40010000,40018000,3-Apr-19,1
VeriBlock IEO on Bittrex Launchpad,VBK,7000000,7000000,2-Apr-19,1
Paytomat,PTI,2310000,2307690,1-Apr-19,0
TOP Network IEO on Huobi Prime,TOP,15000000,15000000,26-Mar-19,1
Lition,LIT,4900000,4900000,25-Mar-19,1
Celer Network Binance,CELR,34000000,34000000,19-Mar-19,1
Raid,XRD,18550000,2782584,14-Mar-19,0
Dos Network Auction on Bitmax,DOS,1680000,1680000,11-Mar-19,1
Fetch.ai Binance,FET,21000000,21000000,25-Feb-19,1
Fysical,FYS,18000000,5100000,24-Feb-19,0
Cryptyk,CTK,15000000,11250000,9-Feb-19,0
Uranus,URAC,12000000,11114278,31-Jan-19,0
BitTorrent Binance,BTT,7200000,7200000,28-Jan-19,1
Vanta Network,VNT,15000000,7500000,28-Jan-19,0
Haratoken,HARA,5470000,5474000,23-Jan-19,1
LTO Network,LTO,5150000,4082770,16-Jan-19,0
Temco,TEMCO,19000000,900000,27-Dec-18,0
Newdex,NDX,3130000,3132000,26-Dec-18,1
Contents Protocol,CPT,9260000,9263600,21-Dec-18,1
SOAR,SKYM,20500000,20500000,19-Dec-18,1
Kambria,KAT,19900000,16000000,4-Dec-18,0
CryptoCurve,CURV,13600000,7440000,30-Nov-18,0
Dusk,DUSK,14400000,8075557,29-Nov-18,0
COVA,COVA,14020000,14015625,25-Nov-18,0
Ultrain,UGAS,20700000,20700000,21-Nov-18,1
BitMax.io,BTMX,13670000,13672800,21-Nov-18,1
MoonX,MM,29000000,27000000,18-Nov-18,0
nOS,NOS,16750000,9185751,8-Nov-18,0
OCEANEX,OCE,11250000,11250000,31-Oct-18,1
FIC Network,EFIC,16000000,4800000,29-Oct-18,0
Atlas Protocol,ATP,30000000,30000000,24-Oct-18,1
GAMB,GMB,15000000,15000000,19-Oct-18,1
Yumerium,YUM,20000000,3000000,15-Oct-18,0
AERGO,AERGO,30000000,30000000,6-Oct-18,1
Lambda,LAMB,20000000,15084816,2-Oct-18,0
Iryo Network,IRYO,26000000,15800000,2-Oct-18,0
Tutellus,TUT,40000000,22050000,30-Sep-18,0
MetaHash,MHC,35970000,35972000,25-Sep-18,1
Bolt,BOLT,12000000,9000000,22-Sep-18,0
Metadium,META,10490000,10492100,22-Sep-18,1
Ankr Network,ANKR,18700000,18700000,21-Sep-18,1
Bgogo,BGG,3770000,3774000,16-Sep-18,1
Nash,NEX,25000000,21822483,14-Sep-18,0
DAEX (Digital Assets Exchange),DAX,2800000,1622592,14-Sep-18,0
Carry Protocol,CRE,13640000,12879947,4-Sep-18,0
Verasity,VRA,25000000,19151838,31-Aug-18,0
Cocos BCX,COCOS,36700000,36700000,30-Aug-18,1
Moonlight,LX,10000000,6200000,30-Aug-18,0
DFINITY,ICP,195000000,195000000,29-Aug-18,1
Hedera Hashgraph,HBAR,120000000,100000000,16-Aug-18,0
Origo Network,OGO,30000000,29862157,11-Aug-18,0
FOAM Protocol,FOAM,24000000,16548796,10-Aug-18,0
DxChain,DX,21500000,20512132,6-Aug-18,0
Asura Coin,ASA,12000000,4058000,1-Aug-18,0
Kairos,KAIROS,30000000,13050000,31-Jul-18,0
FarmaTrust,FTT,20250000,20250000,31-Jul-18,1
Codex Protocol,CODX,12000000,12000000,30-Jul-18,1
Quadrant Protocol,EQUAD,20000000,16000000,26-Jul-18,0
Liquidity Network,LQD,34110000,23613233,19-Jul-18,0
PDX,PDXC,10000000,10000000,17-Jul-18,1
Mandala,MDX,18000000,18000000,13-Jul-18,1
Sparkster,SPRK,30000000,30000000,9-Jul-18,1
DACC,DACC,14130000,13529004,7-Jul-18,0
0xcert Protocol,ZXC,9450000,9450000,4-Jul-18,1
BitScreener,BITX,6720000,6720000,2-Jul-18,1
Midas Protocol,MAS,9020000,9019600,1-Jul-18,0
Databroker DAO,DTX,12340000,3544538,30-Jun-18,0
Essentia,ESS,25500000,25500000,29-Jun-18,1
INCX,INCX,5130000,5131500,29-Jun-18,1
Elysian,ELY,7000000,7000000,26-Jun-18,1
DAV Network,DAV,38000000,28508200,25-Jun-18,0
Multiversum,MTV,35000000,21721869,24-Jun-18,0
AIRBLOC Protocol,ABL,10430000,10427400,19-Jun-18,0
OneLedger,OLT,15000000,15000015,16-Jun-18,1
FANTOM,FTM,39400000,39653398,16-Jun-18,1
Alchemint,SDT,30000000,30000000,12-Jun-18,1
MoneyToken,IMT,41500000,36174400,7-Jun-18,0
Atonomi,ATMI,25000000,25000000,6-Jun-18,1
Arweave,AR,8700000,8700000,6-Jun-18,1
HybridBlock,HYB,50000000,47830000,6-Jun-18,0
Cool Cousin,CUZ,10390000,10008209,5-Jun-18,0
QuarkChain,QKC,20000000,20000000,3-Jun-18,1
Cardstack,CARD,35000000,35000000,1-Jun-18,1
BitRewards,BIT,15000000,6715741,1-Jun-18,0
Omnitude,ECOM,25000000,7497400,31-May-18,0
RightMesh,RMESH,30000000,30000000,31-May-18,1
Bigbom,BBO,6790000,6792000,30-May-18,1
DCC,DCC,49000000,49000000,29-May-18,1
PCHAIN,PI,26670000,26674000,28-May-18,1
Phantasma Chain,SOUL,9650000,9650000,28-May-18,1
Insureum,ISR,20000000,20000000,27-May-18,1
CarBlock,CAR,22920000,22920000,27-May-18,1
Sentinel Protocol,UPP,27680000,27700000,27-May-18,1
LemoChain,LEMO,7060000,7056000,27-May-18,0
Egretia,EGT,23650000,23650450,26-May-18,1
EdenChain,EDN,24000000,24000000,25-May-18,1
MVL Chain,MVL,8400000,4052825,24-May-18,0
Blue Whale,BWX,22700000,22700000,23-May-18,1
Rate3 Network,RTE,17500000,17500000,21-May-18,1
XYO Network,XYO,48000000,12000000,21-May-18,0
TTC Protocol,TTC,21200000,19110000,18-May-18,0
Hero Node,HER,21770000,21765720,17-May-18,0
The Abyss (DAICO),ABYSS,18000000,15352418,16-May-18,0
Quant Network,QNT,36900000,11000000,11-May-18,0
Bezant,BZNT,40000000,27500000,10-May-18,0
HYCON,HYCON,22930000,22932600,10-May-18,1
Eligma,ELI,24000000,11250740,8-May-18,0
DAOstack,GEN,30000000,30000000,8-May-18,1
HOLD,HOLD,11300000,11300000,7-May-18,1
Grain,GRAIN,14800000,11303218,6-May-18,0
Skrumble Network,SKM,16470000,16472800,5-May-18,1
CRED,LBA,26400000,26400000,5-May-18,1
Merculet,MVP,28690000,28686240,4-May-18,0
Project SHIVOM,OMIX,35000000,35000000,3-May-18,1
GoChain,GO,13690000,13685000,3-May-18,0
Unibright,UBT,13540000,13542375,2-May-18,1
Solve.Care,CAN,20000000,20000000,1-May-18,1
Blockchain Terminal,BCT,51500000,21500000,1-May-18,0
CloudMoolah,XMOO,15000000,12300000,30-Apr-18,0
Holo,HOT,20390000,20388500,28-Apr-18,0
Morpheus Network,MORPH,18000000,9883347,22-Apr-18,0
DML,DML,17900000,3777284,22-Apr-18,0
Nebula AI,NBAI,17700000,2305247,19-Apr-18,0
NKN,NKN,12600000,12600000,19-Apr-18,1
Lendingblock,LND,10000000,10000000,18-Apr-18,1
Auctus,AUC,3870000,3865575,17-Apr-18,0
Open Platform,OPEN,18000000,18000000,16-Apr-18,1
Block Collider,EMB,7000000,7012829,16-Apr-18,1
Coinvest,COIN,30000000,5300000,6-Apr-18,0
BitGuild,PLAT,16670000,13408025,6-Apr-18,0
Thrive,THRT,30630000,26031250,5-Apr-18,0
Own,CHX,5530000,3434946,4-Apr-18,0
Seele,SEELE,12130000,12133800,3-Apr-18,1
Nexo,NEXO,52500000,52500000,31-Mar-18,1
Faceter,FACE,40800000,28610352,29-Mar-18,0
Narrative network,NRV,22840000,1087681,29-Mar-18,0
Effect.ai,EFX,18350000,13591090,28-Mar-18,0
Cappasity,CAPP,20000000,5100000,22-Mar-18,0
Celsius,CEL,50000000,50000000,22-Mar-18,1
PolySwarm,NCT,50000000,25930000,22-Mar-18,0
Viewly,VIEW,12000000,12000000,22-Mar-18,1
Friendz,FDZ,50250000,18118800,21-Mar-18,0
Sapien Network,SPN,30000000,11740619,20-Mar-18,0
VETRI,VLD,25000000,10730000,17-Mar-18,0
Switcheo,SWTH,8700000,8700000,17-Mar-18,1
Socialmedia.market,SMT,9680000,8462740,16-Mar-18,0
Dragon,DRG,407500000,320000000,15-Mar-18,0
SyncFab,MFG,19660000,9155717,15-Mar-18,0
Endor,EDR,45000000,45000000,13-Mar-18,1
YGGDRASH,YEED,40000000,40000000,12-Mar-18,1
Sentinel Chain,SENC,14400000,14400000,9-Mar-18,1
DATx,DATX,44150000,11579500,5-Mar-18,0
Zebi,ZCO,8560000,8561100,5-Mar-18,1
IP Exchange,IPSX,9330000,7904319,5-Mar-18,0
PolicyPal Network,PAL,20170000,20482240,4-Mar-18,1
Cortex,CTXC,34870000,34870400,1-Mar-18,1
TomoCoin,TOMO,8500000,8575000,1-Mar-18,1
MAD Network,MAD,25000000,25000000,1-Mar-18,1
Rentberry,BERRY,30000000,27500000,1-Mar-18,0
Bankera,BNK,215860000,150949194,1-Mar-18,0
Crowd Genie,CGCOIN,5000000,5550000,28-Feb-18,1
Ignite Ratings,IGNT,8690000,3003777,28-Feb-18,0
FintruX,FTX,25000000,24714054,28-Feb-18,0
AdHive,ADH,17490000,17491749,28-Feb-18,1
NaPoleonX,NPX,18320000,13951976,28-Feb-18,0
Lympo,LYM,12680000,16857899,28-Feb-18,1
Huobi token,HT,300000000,300000000,28-Feb-18,1
Debitum Network,DEB,17200000,17200000,25-Feb-18,1
Electrify.Asia,ELEC,30000000,29102830,23-Feb-18,0
TE-FOOD,TFD,19090000,19089273,22-Feb-18,0
BABB,BAX,20000000,20000000,21-Feb-18,1
dock.io,DOCK,20000000,20140818,21-Feb-18,1
Lendroid,LST,47500000,47500000,20-Feb-18,1
CLN,CLN,50000000,22895000,18-Feb-18,0
CREDITS,CS,20000000,22570394,18-Feb-18,1
0chain,ZCN,39000000,39000000,16-Feb-18,1
REMME,REM,17540000,17544101,15-Feb-18,1
Winding Tree,LIF,10000000,14418196,15-Feb-18,1
FundRequest,FND,15000000,12121040,14-Feb-18,0
EBCoin,EBC,25300000,8515810,13-Feb-18,0
EximChain,EXC,20000000,20000000,12-Feb-18,1
Globitex,GBX,12270000,12270000,11-Feb-18,1
Fusion,FSN,42190000,42185216,11-Feb-18,0
Concensum,CPY,62930000,11087368,9-Feb-18,0
Dether,DTH,13440000,13444650,9-Feb-18,1
Insights Network,INSTAR,17380000,17376260,9-Feb-18,0
GBX,RKT,27000000,27000000,8-Feb-18,1
Refereum,RFR,32250000,32252400,7-Feb-18,1
Current,CRNC,36000000,36000000,7-Feb-18,1
Datawallet,DXT,40000000,39436870,6-Feb-18,0
ArcBlock,ABT,45000000,45000000,3-Feb-18,1
Republic Protocol,REN,34400000,34299022,3-Feb-18,0
The Bee Token,BEE,15000000,15000000,2-Feb-18,1
FuzeX,FXT,36240000,36241600,1-Feb-18,1
WePower,WPR,40000000,40000000,1-Feb-18,1
MedicalChain,MTN,24000000,23991953,1-Feb-18,0
CrowdWiz,WIZ,20000000,7234387,31-Jan-18,0
AMLT,AMLT,16000000,19042042,30-Jan-18,1
Storiqa,STQ,25000000,25000000,29-Jan-18,1
APEX,CPX,25000000,25000000,29-Jan-18,1
dadi,DADI,29000000,29000000,29-Jan-18,1
Sharpe Capital,SHP,7420000,7422000,28-Jan-18,1
LiveEdu,EDU,10000000,10000000,28-Jan-18,1
Nucleus.Vision,NCASH,40000000,40000000,28-Jan-18,1
Experty,EXY,9470000,9468000,25-Jan-18,0
CPChain,CPC,30000000,30000000,24-Jan-18,1
Restart Energy Democracy,MWAT,30000000,30000000,23-Jan-18,1
Odyssey,OCN,11580000,50000000,23-Jan-18,1
Elastos,ELA,94070000,94073200,23-Jan-18,1
Ink Protocol,XNK,15000000,15000000,22-Jan-18,1
Pundi X,NPXS,35000000,35000000,21-Jan-18,1
FORTUNA,FOTA,2000000,2000000,21-Jan-18,1
DATA,DTA,37990000,37988300,20-Jan-18,0
Bluzelle,BLZ,19500000,19500000,20-Jan-18,1
Devery,EVE,10000000,10000000,19-Jan-18,1
Mobius,MOBI,39000000,39000000,18-Jan-18,1
Zeepin,ZPT,62580000,62580000,18-Jan-18,1
OriginTrail,TRAC,21510000,21513600,17-Jan-18,1
MatrixChain,MAN,12590000,12592104,17-Jan-18,1
Envion,EVN,150000000,100000000,16-Jan-18,0
InsurePal,IPL,18000000,18000000,16-Jan-18,1
AidCoin,AID,18630000,18632900,16-Jan-18,1
Boon.Tech,BOON,10000000,5000000,16-Jan-18,0
carVertical,CV,19910000,19911150,15-Jan-18,1
Thekey.vip,TKY,22000000,22000000,15-Jan-18,1
Trinity,TNC,20000000,20000000,14-Jan-18,1
GatCoin,GAT,14500000,14500000,14-Jan-18,1
Selfkey,KEY,21780000,21776392,14-Jan-18,0
adbank,ADB,13960000,13962900,13-Jan-18,1
Olympus Labs,MOT,60320000,60324750,13-Jan-18,1
LALA World,LALA,20190000,20191350,13-Jan-18,1
Latium,LATX,15000000,14400000,12-Jan-18,0
FortKnoxster,FKX,15000000,15000000,12-Jan-18,1
aXpire,AXP,20000000,20000000,11-Jan-18,1
Loom Network,LOOM,57000000,45808270,10-Jan-18,0
SwissBorg,CHSB,50000000,50000000,10-Jan-18,1
Block.array,ARY,14380000,14375000,10-Jan-18,0
Neuromation,NTK,71670000,13895400,8-Jan-18,0
Shipchain,SHIP,30000000,30000000,5-Jan-18,1
Crypterium,CRPT,47000000,51656963,5-Jan-18,1
Theta token,THETA,20000000,20000000,4-Jan-18,1
ZILLIQA,ZIL,22000000,22000000,4-Jan-18,1
trade.io,TIO,135000000,31169749,4-Jan-18,0
Zipper,ZIPT,19220000,19220000,3-Jan-18,1
Lamden,TAU,10000000,10000000,2-Jan-18,1
IOST,IOST,31260000,31255000,2-Jan-18,0
Bloom,BLT,80490000,41420705,1-Jan-18,0
Spectiv,SIG,10620000,7605767,1-Jan-18,0
